year,Percentage of Left-foot
2007,0.3452079566
2008,0.244374769458
2009,0.237514234586
2010,0.242424242424
2011,0.24693568379
2012,0.254189569647
2013,0.249113475177
2014,0.245382247306
2015,0.243401759531
2016,0.2477622628
